id,artist,description,day,stage,start,end
tiger-mood,Tiger Mood,Live at Lollapalooza Argentina,2027-03-05,Flow Stage,2027-03-05 14:30,2027-03-05 15:15
judeline,Judeline,Live at Lollapalooza Argentina,2027-03-05,Flow Stage,2027-03-05 16:00,2027-03-05 17:00
djo,DJO,Live at Lollapalooza Argentina,2027-03-05,Flow Stage,2027-03-05 18:00,2027-03-05 19:00
turnstile,Turnstile,Live at Lollapalooza Argentina,2027-03-05,Flow Stage,2027-03-05 20:00,2027-03-05 21:00
tyler-the-creator,"Tyler, The Creator",Live at Lollapalooza Argentina,2027-03-05,Flow Stage,2027-03-05 22:15,2027-03-05 23:30
mora-fisz,Mora Fisz,Live at Lollapalooza Argentina,2027-03-05,Samsung Stage,2027-03-05 13:45,2027-03-05 14:30
guitarricadelafuente,Guitarricadelafuente,Live at Lollapalooza Argentina,2027-03-05,Samsung Stage,2027-03-05 15:15,2027-03-05 16:00
royel-otis,Royel Otis,Live at Lollapalooza Argentina,2027-03-05,Samsung Stage,2027-03-05 17:00,2027-03-05 18:00
katseye,Katseye,Live at Lollapalooza Argentina,2027-03-05,Samsung Stage,2027-03-05 19:00,2027-03-05 20:00
lorde,Lorde,Live at Lollapalooza Argentina,2027-03-05,Samsung Stage,2027-03-05 21:00,2027-03-05 22:15
peggy-gou,Peggy Gou,Live at Lollapalooza Argentina,2027-03-05,Samsung Stage,2027-03-05 23:30,2027-03-06 01:00
spaghetti-western,Spaghetti Western,Live at Lollapalooza Argentina,2027-03-05,Alternative Stage,2027-03-05 14:30,2027-03-05 15:15
militantes-del-climax,Militantes del Climax,Live at Lollapalooza Argentina,2027-03-05,Alternative Stage,2027-03-05 16:00,2027-03-05 17:00
balu-brigada,Balu Brigada,Live at Lollapalooza Argentina,2027-03-05,Alternative Stage,2027-03-05 18:00,2027-03-05 19:00
danny-ocean,Danny Ocean,Live at Lollapalooza Argentina,2027-03-05,Alternative Stage,2027-03-05 20:00,2027-03-05 21:00
turf,Turf,Live at Lollapalooza Argentina,2027-03-05,Alternative Stage,2027-03-05 22:15,2027-03-05 23:30
jero-jones,Jero Jones,Live at Lollapalooza Argentina,2027-03-05,Perry's Stage,2027-03-05 13:45,2027-03-05 14:30
victoria-whynot,Victoria Whynot,Live at Lollapalooza Argentina,2027-03-05,Perry's Stage,2027-03-05 14:45,2027-03-05 15:30
little-boogie,Little Boogie,Live at Lollapalooza Argentina,2027-03-05,Perry's Stage,2027-03-05 16:00,2027-03-05 16:45
zell,Zell,Live at Lollapalooza Argentina,2027-03-05,Perry's Stage,2027-03-05 17:00,2027-03-05 18:00
easykid,Easykid,Live at Lollapalooza Argentina,2027-03-05,Perry's Stage,2027-03-05 18:15,2027-03-05 19:15
gordo,Gordo,Live at Lollapalooza Argentina,2027-03-05,Perry's Stage,2027-03-05 19:30,2027-03-05 20:30
roz,RØZ,Live at Lollapalooza Argentina,2027-03-05,Perry's Stage,2027-03-05 20:45,2027-03-05 21:45
yousuke-yukimatsu,¥ØU$UK€ ¥UK1MAT$U,Live at Lollapalooza Argentina,2027-03-05,Perry's Stage,2027-03-05 22:15,2027-03-05 23:30
arjaus-crew-fri,Arjaus Crew (Franco y Mateo Trocca B2B),Live at Lollapalooza Argentina,2027-03-05,Kidzapalooza,2027-03-05 15:00,2027-03-05 15:45
desenchufados-en-banda,Desenchufados en Banda,Live at Lollapalooza Argentina,2027-03-05,Kidzapalooza,2027-03-05 16:00,2027-03-05 16:45
partysani-klezmer-band,Partysani Klezmer Band,Live at Lollapalooza Argentina,2027-03-05,Kidzapalooza,2027-03-05 17:00,2027-03-05 17:45
mecache-rock,Mecache Rock,Live at Lollapalooza Argentina,2027-03-05,Kidzapalooza,2027-03-05 18:00,2027-03-05 18:45
pinon-fijo,Piñón Fijo,Live at Lollapalooza Argentina,2027-03-05,Kidzapalooza,2027-03-05 19:00,2027-03-05 19:45
kidza-boom-fri,Kidza Boom,Live at Lollapalooza Argentina,2027-03-05,Kidzapalooza,2027-03-05 20:00,2027-03-05 20:45
joaquina,Joaquina,Live at Lollapalooza Argentina,2027-03-06,Flow Stage,2027-03-06 14:30,2027-03-06 15:15
lany,Lany,Live at Lollapalooza Argentina,2027-03-06,Flow Stage,2027-03-06 16:00,2027-03-06 17:00
marina,Marina,Live at Lollapalooza Argentina,2027-03-06,Flow Stage,2027-03-06 18:00,2027-03-06 19:00
addison-rae,Addison Rae,Live at Lollapalooza Argentina,2027-03-06,Flow Stage,2027-03-06 20:15,2027-03-06 21:15
chappell-roan,Chappell Roan,Live at Lollapalooza Argentina,2027-03-06,Flow Stage,2027-03-06 22:15,2027-03-06 23:45
tobika,Tobika,Live at Lollapalooza Argentina,2027-03-06,Samsung Stage,2027-03-06 13:45,2027-03-06 14:30
nasa-histoires,Nasa Histoires,Live at Lollapalooza Argentina,2027-03-06,Samsung Stage,2027-03-06 15:15,2027-03-06 16:00
angela-torres,Angela Torres,Live at Lollapalooza Argentina,2027-03-06,Samsung Stage,2027-03-06 17:00,2027-03-06 18:00
paulo-londra,Paulo Londra,Live at Lollapalooza Argentina,2027-03-06,Samsung Stage,2027-03-06 19:00,2027-03-06 20:15
lewis-capaldi,Lewis Capaldi,Live at Lollapalooza Argentina,2027-03-06,Samsung Stage,2027-03-06 21:15,2027-03-06 22:15
skrillex,Skrillex,Live at Lollapalooza Argentina,2027-03-06,Samsung Stage,2027-03-06 23:45,2027-03-07 01:00
marttein,Marttein,Live at Lollapalooza Argentina,2027-03-06,Alternative Stage,2027-03-06 14:30,2027-03-06 15:15
timo,Timö,Live at Lollapalooza Argentina,2027-03-06,Alternative Stage,2027-03-06 16:00,2027-03-06 17:00
soledad,Soledad,Live at Lollapalooza Argentina,2027-03-06,Alternative Stage,2027-03-06 18:00,2027-03-06 19:00
tv-girl,TV Girl,Live at Lollapalooza Argentina,2027-03-06,Alternative Stage,2027-03-06 20:15,2027-03-06 21:15
riize,RIIZE,Live at Lollapalooza Argentina,2027-03-06,Alternative Stage,2027-03-06 22:30,2027-03-06 23:30
paula-os,Paula OS,Live at Lollapalooza Argentina,2027-03-06,Perry's Stage,2027-03-06 13:45,2027-03-06 14:30
terra,Terra,Live at Lollapalooza Argentina,2027-03-06,Perry's Stage,2027-03-06 14:45,2027-03-06 15:30
imbermind,Imbermind,Live at Lollapalooza Argentina,2027-03-06,Perry's Stage,2027-03-06 16:00,2027-03-06 17:00
amigo-de-artistas,Amigo de Artistas,Live at Lollapalooza Argentina,2027-03-06,Perry's Stage,2027-03-06 17:15,2027-03-06 18:00
six-sex,Six Sex,Live at Lollapalooza Argentina,2027-03-06,Perry's Stage,2027-03-06 18:30,2027-03-06 19:30
hamdi,Hamdi,Live at Lollapalooza Argentina,2027-03-06,Perry's Stage,2027-03-06 19:45,2027-03-06 20:45
2hollis-rommulas,2Hollis + Rommulas,Live at Lollapalooza Argentina,2027-03-06,Perry's Stage,2027-03-06 21:00,2027-03-06 22:00
brutalismus-3000,Brutalismus 3000,Live at Lollapalooza Argentina,2027-03-06,Perry's Stage,2027-03-06 22:30,2027-03-06 23:45
arjaus-crew-sat,Arjaus Crew (Mateo Trocca),Live at Lollapalooza Argentina,2027-03-06,Kidzapalooza,2027-03-06 15:00,2027-03-06 15:45
latin-duo,Latin Duo,Live at Lollapalooza Argentina,2027-03-06,Kidzapalooza,2027-03-06 16:00,2027-03-06 16:45
school-of-rock,School of Rock,Live at Lollapalooza Argentina,2027-03-06,Kidzapalooza,2027-03-06 17:00,2027-03-06 17:45
kiseki,Kiseki,Live at Lollapalooza Argentina,2027-03-06,Kidzapalooza,2027-03-06 18:00,2027-03-06 18:45
panam-y-circo,Panam y Circo,Live at Lollapalooza Argentina,2027-03-06,Kidzapalooza,2027-03-06 19:00,2027-03-06 19:45
kidza-boom-sat,Kidza Boom,Live at Lollapalooza Argentina,2027-03-06,Kidzapalooza,2027-03-06 20:00,2027-03-06 20:45
